Cindy Burns,Dominican Republic,(102)481-3875,"Pharmacist, hospital",rtorres@example.org
Jason Bailey,Falkland Islands (Malvinas),+1-552-912-2326,Leisure centre manager,daniel51@example.com
Andrew Johnson,Portugal,733-554-3949,"Engineer, site",michael94@example.com
Carol Poole,Isle of Man,365.529.7270,Pensions consultant,piercebrenda@example.com
Riley Gonzalez,Libyan Arab Jamahiriya,7752827092,Materials engineer,osborneeric@example.net
Craig Smith,Ukraine,+1-005-403-9484x85327,"Designer, blown glass/stained glass",morrisantonio@example.net
Courtney Rice,Kenya,0946592841,"Clinical scientist, histocompatibility and immunogenetics",coreycarter@example.org
Dylan Nunez,Gambia,127-296-5778x44013,Water engineer,rileycheryl@example.org
Denise Patrick,Tajikistan,(594)201-0587x00590,Dancer,idiaz@example.com
Benjamin Smith,Antarctica (the territory South of 60 deg S),348.164.1901x6493,"Librarian, public",carolyn79@example.com
Benjamin Burns MD,Bahamas,456.672.7404x37239,"Scientist, research (medical)",hoganalexis@example.org
Robert Gonzales,Cuba,+1-633-536-7929x7919,Secondary school teacher,nortondaniel@example.com
Cassandra Miller,Egypt,448.094.2200,Operations geologist,fholmes@example.com
Heather Williams,Costa Rica,7130321138,Chief of Staff,stephenbanks@example.net
Eric Harrison,Brazil,071.293.2551x44285,Neurosurgeon,htaylor@example.com
Sarah Smith,Gibraltar,(702)338-0444x4060,Information systems manager,guzmanlouis@example.net
Michael Ali,Uganda,001-036-808-0484x98316,Illustrator,kristenjohnson@example.org
Joseph Kennedy,United States of America,980.546.6052x692,Field trials officer,pacepeter@example.net
Michele May,Bolivia,001-759-872-6055x9567,Further education lecturer,bortiz@example.net
Brandy Peterson,Macedonia,001-602-943-8951x48696,"Secretary, company",aburgess@example.org
Rachel Ortega,Bahrain,+1-224-178-7307x9210,"Teacher, music",dodsonjohn@example.com
Daniel Sims,Central African Republic,+1-140-914-6717x36587,Clinical embryologist,laurahayden@example.net
Mr. John Zimmerman,Congo,001-559-516-7250x803,Financial manager,emilyhansen@example.com
Sarah Crawford,Malawi,001-135-581-3056x0320,"Teacher, special educational needs",jessica70@example.org
Leslie Martinez,Korea,360.374.4996x476,"Engineer, technical sales",brookehernandez@example.org
Jennifer Hayes,Equatorial Guinea,978.643.9961x08025,Production manager,leesheri@example.com
Travis Morales,Latvia,981-099-3422,Financial manager,jvillarreal@example.com
Warren Morrow,Mauritius,892-511-7999x0313,Accommodation manager,bmitchell@example.com
Christopher Gilbert,Saint Lucia,+1-924-962-4807x3141,Charity fundraiser,johnsondavid@example.org
Ray Jenkins,British Indian Ocean Territory (Chagos Archipelago),+1-725-430-0531,Ship broker,nhaney@example.net
Kenneth Green,Austria,(693)799-7807x4108,Sports coach,elivingston@example.org
Erik Ward,Bangladesh,913.020.6834,"Psychotherapist, child",ryannguyen@example.org
Alexis Baldwin,Saint Lucia,473.193.9023,Trading standards officer,shernandez@example.org
Sergio Cunningham,Chile,136-102-4904,Fitness centre manager,travis07@example.net
Kaitlin Garcia,Armenia,(289)325-3181x09391,Futures trader,russell19@example.org
Austin Davila,Albania,3110026943,Phytotherapist,mason63@example.com
Krystal Walker,Iraq,001-951-718-5658x822,Multimedia specialist,connertodd@example.org
John Gillespie,Saudi Arabia,5985001188,Copy,cmoreno@example.com
Kelli Long,Sierra Leone,348.132.2295x466,Architectural technologist,diana96@example.org
Natalie Phillips,Maldives,001-058-518-0662x45503,Armed forces technical officer,gvaughn@example.org
Ryan Kim,Kenya,808-765-8084,"Investment banker, corporate",jeffrey59@example.org
Dennis Gibson,Bouvet Island (Bouvetoya),+1-865-238-8516x463,Translator,hcarlson@example.org
Samantha Rhodes,Maldives,(912)136-3882,"Research officer, trade union",terryjames@example.net
Matthew Johnson,Iran,001-366-114-0721x393,Agricultural consultant,molly98@example.com
Summer Stewart,Jamaica,2494404249,Economist,ovazquez@example.com
William Anderson,United States Virgin Islands,+1-888-635-0096x9565,Museum/gallery exhibitions officer,randyhartman@example.net
Jeremy Bates,Central African Republic,+1-449-207-9863x997,Chartered public finance accountant,livingstonamanda@example.net
Jorge Wright,Peru,(970)111-7796,"Surveyor, building control",harringtonmichael@example.com
Dustin Jackson,Gambia,755-090-9702x49724,Immunologist,ijennings@example.org
Joan Paul,San Marino,(218)682-4690x416,"Surveyor, planning and development",mcdonaldrenee@example.org
Raymond Ramirez,Taiwan,934-857-4018,Agricultural engineer,rhonda83@example.net
Sandra Smith,Romania,164-738-3964x993,Commercial horticulturist,erikalittle@example.net
Erin Morales,Bermuda,001-622-605-0233x44716,Local government officer,kristenmiller@example.com
Richard Garza,Kenya,001-558-0134x7842,Air traffic controller,weaverbarbara@example.com
Victoria Hill,French Southern Territories,+1-475-539-4534x764,Operations geologist,sharonharris@example.com
Samuel Brown,Saint Helena,6752123095,Politician's assistant,michael61@example.net
Elizabeth Wright,Papua New Guinea,+1-411-180-0826,Ship broker,clementsdavid@example.org
Charles Zhang,Jamaica,001-281-668-7448x246,Accounting technician,stephanieyu@example.com
Mark Robinson,Macedonia,397-979-5631x829,Veterinary surgeon,michaelfisher@example.com
Gilbert Smith,Bolivia,001-431-064-5837x828,Claims inspector/assessor,ksanchez@example.net
Jacob Cox,Haiti,967-247-6688x41169,Production engineer,brendafarmer@example.com
Hayden Leon,Hungary,617-932-9516x186,Conference centre manager,efranco@example.org
Gregory Fowler,Comoros,+1-187-013-4801x31299,Advertising copywriter,kathy81@example.org
Jeremy Davis,Martinique,285-568-9365x875,Radio broadcast assistant,williamnorman@example.org
Edward Taylor,Bahrain,+1-677-919-8576x3603,Magazine journalist,gwright@example.org
April Sherman,Trinidad and Tobago,+1-662-334-2876,Ranger/warden,jacksongail@example.com
Nicholas Fisher,Iceland,001-899-861-6450,Marine scientist,thall@example.org
Daisy Miller,Korea,(659)936-5219,Community development worker,paynenathan@example.com
William Walton,Bahrain,001-103-667-7906x2906,Retail merchandiser,colleen25@example.org
Jason Parker,Cayman Islands,001-614-736-2461x225,"Pharmacist, hospital",eatonjohn@example.org
Beverly Pham,Costa Rica,+1-659-771-5919,Medical secretary,bsmith@example.net
Derek Johnson,El Salvador,(415)645-9755x629,Water engineer,david08@example.org
Amy Arias,Mexico,(409)495-3272x27960,Ceramics designer,amandalee@example.org
Ronald Hernandez,Guernsey,001-906-737-5919x071,Waste management officer,miajones@example.com
Gary Garcia,Cyprus,+1-347-337-7882x3709,Claims inspector/assessor,hayesrobert@example.net
Brianna Collins,Bulgaria,(867)651-9223,Fisheries officer,rwells@example.net
Eric Sanchez,Wallis and Futuna,+1-599-579-2171x645,"Engineer, manufacturing",edward99@example.com
Elizabeth Walker,Macao,062-599-7741,Advertising account executive,boydmargaret@example.com
Kelly Johnson,Madagascar,968-561-3763x61138,Warehouse manager,joshuacallahan@example.com
Joanna Jimenez,Timor-Leste,341-195-1956x50031,Engineering geologist,jessica00@example.com
Michael Smith DVM,Sao Tome and Principe,(981)524-3332x8867,Land,john64@example.com
Laurie Parks,Guam,+1-750-903-8715,Tax adviser,singhisaiah@example.net
Bryan Case,Nigeria,092-651-5290x59290,Outdoor activities/education manager,brianbooth@example.com
Kimberly Sanchez,Germany,(534)941-4475,Production engineer,pburke@example.net
Lawrence Green,Luxembourg,(766)790-3509x182,"Scientist, research (physical sciences)",caseshawn@example.net
Susan Howard,Yemen,+1-801-218-1020,Financial planner,davidblankenship@example.net
Amy Taylor,Yemen,(813)119-5736,Fitness centre manager,ramirezdavid@example.org
Michelle Velasquez,Brunei Darussalam,169.454.1007,Management consultant,lucas67@example.com
Stephanie Stewart,Norway,032-897-2725x4159,"Engineer, civil (consulting)",hhart@example.net
Alyssa Blair,Iceland,486-451-3928x34025,"Administrator, arts",tammyclark@example.com
Kathleen Malone,Korea,742.269.7546,Wellsite geologist,raymond21@example.com
Calvin Gonzalez,Nigeria,723-839-0067x70062,Field seismologist,amy57@example.org
Christopher Lambert,British Indian Ocean Territory (Chagos Archipelago),465-447-5252x7943,Personal assistant,tarmstrong@example.com
Michele Mckee,Eritrea,037.190.2754x541,Financial planner,amanda76@example.org
Melissa Schneider,United Kingdom,934.237.2549x08867,"Surveyor, commercial/residential",oibarra@example.org
Nancy White,Saint Kitts and Nevis,908-870-3739x7764,"Therapist, horticultural",mayjamie@example.org
Hector Kim,Cyprus,892.330.8515x793,Careers adviser,marcrussell@example.net
Antonio Alexander,Cape Verde,949-524-1452x15961,Illustrator,perezsamantha@example.com
Leslie Jones,Poland,(806)611-2333x181,Tourist information centre manager,brownpatricia@example.org
Michael Robinson,French Southern Territories,+1-112-379-0786,"Pharmacist, hospital",cwhite@example.com
